DROP TABLE IF EXISTS `languages`;
/*!40101 SET @saved_cs_client     = @@character_set_client */;
/*!40101 SET character_set_client = utf8 */;
CREATE TABLE `languages` (
  `id` int(10) unsigned NOT NULL AUTO_INCREMENT,
  `name` varchar(100) COLLATE utf8mb4_unicode_ci NOT NULL,
  `flag` varchar(100) COLLATE utf8mb4_unicode_ci NOT NULL,
  `enabled` tinyint(3) unsigned NOT NULL,
  `created_at` timestamp NULL DEFAULT NULL,
  `updated_at` timestamp NULL DEFAULT NULL,
  PRIMARY KEY (`id`)
) ENGINE=InnoDB AUTO_INCREMENT=10 DEFAULT CHARSET=utf8mb4 COLLATE=utf8mb4_unicode_ci;
/*!40101 SET character_set_client = @saved_cs_client */;
INSERT INTO `languages` VALUES (1,'English','1507986818.jpg',0,'2017-10-14 17:13:38','2017-10-25 20:58:24');
INSERT INTO `languages` VALUES (2,'Deutsch','1507986518.jpg',1,'2017-10-14 17:08:38','2017-12-02 11:08:22');
INSERT INTO `languages` VALUES (3,'Français','1507986530.jpg',1,'2017-10-14 17:08:50','2017-12-02 11:08:23');
INSERT INTO `languages` VALUES (9,'Српски','1507989268.jpg',0,'2017-10-14 17:54:28','2017-10-21 13:00:22');
DROP TABLE IF EXISTS `migrations`;
/*!40101 SET @saved_cs_client     = @@character_set_client */;
/*!40101 SET character_set_client = utf8 */;
CREATE TABLE `migrations` (
  `id` int(10) unsigned NOT NULL AUTO_INCREMENT,
  `migration` varchar(255) COLLATE utf8mb4_unicode_ci NOT NULL,
  `batch` int(11) NOT NULL,
  PRIMARY KEY (`id`)
) ENGINE=InnoDB AUTO_INCREMENT=7 DEFAULT CHARSET=utf8mb4 COLLATE=utf8mb4_unicode_ci;
/*!40101 SET character_set_client = @saved_cs_client */;
INSERT INTO `migrations` VALUES (1,'2017_10_11_215605_create_table_languages',1);
INSERT INTO `migrations` VALUES (2,'2017_10_11_223400_create_table_vocabulary',1);
INSERT INTO `migrations` VALUES (3,'2017_10_11_224100_create_table_terms',1);
INSERT INTO `migrations` VALUES (4,'2017_10_11_224158_create_table_settings',1);
INSERT INTO `migrations` VALUES (6,'2017_10_14_125008_language_table_add_field_flag',2);
DROP TABLE IF EXISTS `settings`;
/*!40101 SET @saved_cs_client     = @@character_set_client */;
/*!40101 SET character_set_client = utf8 */;
CREATE TABLE `settings` (
  `id` int(10) unsigned NOT NULL AUTO_INCREMENT,
  `name` varchar(255) COLLATE utf8mb4_unicode_ci NOT NULL,
  `value` varchar(255) COLLATE utf8mb4_unicode_ci NOT NULL,
  `created_at` timestamp NULL DEFAULT NULL,
  `updated_at` timestamp NULL DEFAULT NULL,
  PRIMARY KEY (`id`)
) ENGINE=InnoDB AUTO_INCREMENT=4 DEFAULT CHARSET=utf8mb4 COLLATE=utf8mb4_unicode_ci;
/*!40101 SET character_set_client = @saved_cs_client */;
INSERT INTO `settings` VALUES (1,'score','0','2017-10-22 20:28:25','2017-12-17 09:46:22');
INSERT INTO `settings` VALUES (2,'score_total','24','2017-10-22 20:28:25','2017-12-16 20:54:36');
INSERT INTO `settings` VALUES (3,'version','1.0.35.170','2017-11-29 17:36:25','2017-11-29 17:36:25');
DROP TABLE IF EXISTS `terms`;
/*!40101 SET @saved_cs_client     = @@character_set_client */;
/*!40101 SET character_set_client = utf8 */;
CREATE TABLE `terms` (
  `id` int(10) unsigned NOT NULL AUTO_INCREMENT,
  `picture` varchar(255) COLLATE utf8mb4_unicode_ci NOT NULL,
  `name` varchar(255) COLLATE utf8mb4_unicode_ci NOT NULL,
  `created_at` timestamp NULL DEFAULT NULL,
  `updated_at` timestamp NULL DEFAULT NULL,
  PRIMARY KEY (`id`)
) ENGINE=InnoDB AUTO_INCREMENT=179 DEFAULT CHARSET=utf8mb4 COLLATE=utf8mb4_unicode_ci;
/*!40101 SET character_set_client = @saved_cs_client */;
INSERT INTO `terms` VALUES (3,'1508618234.jpg','ball','2017-10-14 12:18:48','2017-10-22 00:37:14');
INSERT INTO `terms` VALUES (5,'1511660456.jpg','fork','2017-10-14 12:40:48','2017-11-26 06:40:56');
INSERT INTO `terms` VALUES (6,'1508564327.jpg','window','2017-10-14 12:42:14','2017-10-21 09:38:47');
INSERT INTO `terms` VALUES (7,'1507970632.jpg','door','2017-10-14 12:43:52','2017-10-14 12:43:52');
INSERT INTO `terms` VALUES (8,'1507984947.jpg','shirt','2017-10-14 16:42:27','2017-10-14 16:42:27');
INSERT INTO `terms` VALUES (9,'1508064301.jpg','chair','2017-10-15 14:45:01','2017-10-15 14:45:01');
INSERT INTO `terms` VALUES (10,'1508121057.jpg','spoon','2017-10-16 06:30:57','2017-10-16 06:30:57');
INSERT INTO `terms` VALUES (11,'1508122158.jpg','match','2017-10-16 06:49:18','2017-10-16 06:49:18');
INSERT INTO `terms` VALUES (12,'1508370122.jpg','spider','2017-10-19 03:42:02','2017-10-19 03:42:02');
INSERT INTO `terms` VALUES (13,'1508370427.png','tree','2017-10-19 03:47:07','2017-10-19 03:47:07');
INSERT INTO `terms` VALUES (14,'1508617927.jpg','rainbow','2017-10-19 03:50:54','2017-10-22 00:32:07');
INSERT INTO `terms` VALUES (15,'1508615976.jpg','plane','2017-10-19 04:00:01','2017-10-21 23:59:36');
INSERT INTO `terms` VALUES (16,'1508372590.jpg','whale','2017-10-19 04:23:10','2017-10-19 04:23:10');
INSERT INTO `terms` VALUES (17,'1508373515.jpg','building','2017-10-19 04:38:35','2017-10-19 04:38:35');
INSERT INTO `terms` VALUES (18,'1508373900.jpg','wheat','2017-10-19 04:45:00','2017-10-19 04:45:00');
INSERT INTO `terms` VALUES (19,'1508374420.jpg','box','2017-10-19 04:53:40','2017-10-19 04:53:40');
INSERT INTO `terms` VALUES (22,'1508455426.jpg','eye','2017-10-20 03:23:46','2017-10-20 03:23:46');
INSERT INTO `terms` VALUES (23,'1508458702.jpg','ear','2017-10-20 04:18:22','2017-10-20 04:18:22');
INSERT INTO `terms` VALUES (25,'1508560266.jpg','hand','2017-10-20 04:32:16','2017-10-21 08:31:22');
INSERT INTO `terms` VALUES (28,'1508515424.jpg','mouth','2017-10-20 20:03:44','2017-10-20 20:03:44');
INSERT INTO `terms` VALUES (29,'1508692418.jpg','brain','2017-10-21 05:57:07','2017-10-22 21:13:38');
INSERT INTO `terms` VALUES (30,'1508551722.png','nose','2017-10-21 06:08:42','2017-10-21 06:08:42');
INSERT INTO `terms` VALUES (31,'1508561414.jpg','skin','2017-10-21 08:50:14','2017-10-21 08:50:14');
INSERT INTO `terms` VALUES (32,'1508563762.jpg','tooth','2017-10-21 09:29:22','2017-10-21 09:29:22');
INSERT INTO `terms` VALUES (33,'1508563928.jpg','plate','2017-10-21 09:32:08','2017-10-21 09:32:08');
INSERT INTO `terms` VALUES (34,'1508564150.jpg','wood','2017-10-21 09:35:51','2017-10-21 09:35:51');
INSERT INTO `terms` VALUES (35,'1508772370.jpg','shoe','2017-10-21 09:42:34','2017-10-23 19:26:10');
INSERT INTO `terms` VALUES (36,'1513488485.png','sock','2017-10-21 09:49:06','2017-12-17 10:28:05');
INSERT INTO `terms` VALUES (37,'1508616247.jpg','knife','2017-10-22 00:04:07','2017-10-22 00:04:07');
INSERT INTO `terms` VALUES (38,'1508617184.jpg','cat','2017-10-22 00:19:44','2017-10-22 00:19:44');
INSERT INTO `terms` VALUES (39,'1508617752.jpg','dog','2017-10-22 00:29:12','2017-10-22 00:29:12');
INSERT INTO `terms` VALUES (40,'1508684520.jpg','egg','2017-10-22 19:02:00','2017-10-22 19:02:00');
INSERT INTO `terms` VALUES (41,'1508812897.jpg','cheese','2017-10-22 19:10:51','2017-10-24 06:41:37');
INSERT INTO `terms` VALUES (42,'1508687191.jpg','book','2017-10-22 19:46:31','2017-10-22 19:46:31');
INSERT INTO `terms` VALUES (43,'1508687657.jpg','notebook','2017-10-22 19:54:17','2017-10-22 19:54:17');
INSERT INTO `terms` VALUES (44,'1508688922.jpg','pencil','2017-10-22 20:15:22','2017-10-22 20:15:22');
INSERT INTO `terms` VALUES (45,'1508689431.jpg','eraser','2017-10-22 20:23:51','2017-10-22 20:23:51');
INSERT INTO `terms` VALUES (46,'1508771699.jpg','house','2017-10-23 19:14:59','2017-10-23 19:14:59');
INSERT INTO `terms` VALUES (47,'1508772152.jpg','roof','2017-10-23 19:22:32','2017-10-23 19:22:32');
INSERT INTO `terms` VALUES (48,'1508789327.jpg','watch','2017-10-24 00:08:47','2017-10-24 00:08:47');
INSERT INTO `terms` VALUES (49,'1508790144.jpg','armchair','2017-10-24 00:22:24','2017-10-24 00:24:11');
INSERT INTO `terms` VALUES (50,'1508790376.jpg','glass','2017-10-24 00:26:16','2017-10-24 00:26:16');
INSERT INTO `terms` VALUES (51,'1508800956.jpg','dress','2017-10-24 03:22:36','2017-10-24 03:22:36');
INSERT INTO `terms` VALUES (52,'1508801492.jpg','skirt','2017-10-24 03:31:32','2017-10-24 03:31:32');
INSERT INTO `terms` VALUES (53,'1508811143.jpg','cake','2017-10-24 06:12:24','2017-10-24 06:12:24');
INSERT INTO `terms` VALUES (54,'1508812195.jpg','stairs','2017-10-24 06:29:55','2017-10-24 06:29:55');
INSERT INTO `terms` VALUES (55,'1508813581.jpg','bottle','2017-10-24 06:48:54','2017-10-24 06:53:01');
INSERT INTO `terms` VALUES (56,'1508814284.jpg','pillow','2017-10-24 07:04:44','2017-10-24 07:04:44');
INSERT INTO `terms` VALUES (57,'1508815080.jpg','apple','2017-10-24 07:18:00','2017-10-24 07:18:00');
INSERT INTO `terms` VALUES (58,'1508815495.jpg','mouse','2017-10-24 07:24:55','2017-10-24 07:24:55');
INSERT INTO `terms` VALUES (59,'1508866835.jpg','bag','2017-10-24 21:40:35','2017-10-24 21:40:35');
INSERT INTO `terms` VALUES (60,'1508867689.jpg','jacket','2017-10-24 21:54:49','2017-10-24 21:54:49');
INSERT INTO `terms` VALUES (61,'1513496708.jpg','button','2017-10-24 21:59:18','2017-12-17 12:45:08');
INSERT INTO `terms` VALUES (62,'1508868314.jpg','coat','2017-10-24 22:05:14','2017-10-24 22:05:14');
INSERT INTO `terms` VALUES (63,'1508873517.jpg','bed','2017-10-24 23:31:57','2017-10-24 23:31:57');
INSERT INTO `terms` VALUES (64,'1508938295.jpg','toy','2017-10-25 17:31:35','2017-10-25 17:31:35');
INSERT INTO `terms` VALUES (65,'1508939030.jpg','leg','2017-10-25 17:43:50','2017-10-25 17:43:50');
INSERT INTO `terms` VALUES (66,'1508939323.jpg','arm','2017-10-25 17:48:43','2017-10-25 17:48:43');
INSERT INTO `terms` VALUES (67,'1508940223.jpg','meat','2017-10-25 18:03:43','2017-10-25 18:03:43');
INSERT INTO `terms` VALUES (68,'1508940426.jpg','potato','2017-10-25 18:07:06','2017-10-25 18:07:06');
INSERT INTO `terms` VALUES (69,'1508940758.jpg','tomato','2017-10-25 18:09:06','2017-10-25 18:12:38');
INSERT INTO `terms` VALUES (70,'1509005817.jpg','fish','2017-10-26 12:16:57','2017-10-26 12:16:57');
INSERT INTO `terms` VALUES (71,'1509006139.jpg','horse','2017-10-26 12:22:19','2017-10-26 12:22:19');
INSERT INTO `terms` VALUES (72,'1509006759.jpg','cow','2017-10-26 12:32:39','2017-10-26 12:32:39');
INSERT INTO `terms` VALUES (73,'1509007197.jpg','milk','2017-10-26 12:39:57','2017-10-26 12:39:57');
INSERT INTO `terms` VALUES (74,'1509007580.jpg','juice','2017-10-26 12:46:20','2017-10-26 12:46:20');
INSERT INTO `terms` VALUES (75,'1509008483.jpg','table','2017-10-26 13:01:23','2017-10-26 13:01:23');
INSERT INTO `terms` VALUES (76,'1509023531.jpg','mountain','2017-10-26 17:12:11','2017-10-26 17:12:11');
INSERT INTO `terms` VALUES (77,'1509024104.jpg','sky','2017-10-26 17:21:44','2017-10-26 17:21:44');
INSERT INTO `terms` VALUES (78,'1509024944.jpg','moon','2017-10-26 17:35:44','2017-10-26 17:35:44');
INSERT INTO `terms` VALUES (79,'1509026609.jpg','cloud','2017-10-26 18:03:29','2017-10-26 18:03:29');
INSERT INTO `terms` VALUES (80,'1509166607.jpg','candle','2017-10-28 08:56:47','2017-10-28 08:56:47');
INSERT INTO `terms` VALUES (81,'1509166908.jpg','lighter','2017-10-28 09:01:48','2017-10-28 09:01:48');
INSERT INTO `terms` VALUES (82,'1509167042.jpg','fire','2017-10-28 09:04:02','2017-10-28 09:04:02');
INSERT INTO `terms` VALUES (83,'1509167663.jpg','bathroom','2017-10-28 09:14:23','2017-10-28 09:14:23');
INSERT INTO `terms` VALUES (84,'1509173025.jpg','bedroom','2017-10-28 09:19:00','2017-10-28 10:43:45');
INSERT INTO `terms` VALUES (85,'1509168188.png','keyboard','2017-10-28 09:23:08','2017-10-28 09:23:08');
INSERT INTO `terms` VALUES (86,'1509169022.jpg','flag','2017-10-28 09:37:02','2017-10-28 09:37:02');
INSERT INTO `terms` VALUES (87,'1509169749.png','target','2017-10-28 09:49:09','2017-10-28 09:49:09');
INSERT INTO `terms` VALUES (88,'1509171457.jpg','wheel','2017-10-28 10:17:37','2017-10-28 10:17:37');
INSERT INTO `terms` VALUES (89,'1509172074.jpg','pool','2017-10-28 10:27:54','2017-10-28 10:27:54');
INSERT INTO `terms` VALUES (90,'1509172639.jpg','river','2017-10-28 10:37:19','2017-10-28 10:37:19');
INSERT INTO `terms` VALUES (91,'1509173535.jpg','car','2017-10-28 10:52:15','2017-10-28 10:52:15');
INSERT INTO `terms` VALUES (92,'1509173863.png','heart','2017-10-28 10:57:43','2017-10-28 10:57:43');
INSERT INTO `terms` VALUES (93,'1509174302.jpg','sun','2017-10-28 11:05:02','2017-10-28 11:05:02');
INSERT INTO `terms` VALUES (94,'1509174528.jpg','carpet','2017-10-28 11:08:48','2017-10-28 11:08:48');
INSERT INTO `terms` VALUES (95,'1509175287.png','grape','2017-10-28 11:21:27','2017-10-28 11:21:27');
INSERT INTO `terms` VALUES (96,'1509175525.jpg','bridge','2017-10-28 11:25:25','2017-10-28 11:25:25');
INSERT INTO `terms` VALUES (97,'1509330499.jpg','bread','2017-10-30 06:28:19','2017-10-30 06:28:19');
INSERT INTO `terms` VALUES (98,'1509331265.jpg','glasses','2017-10-30 06:41:05','2017-10-30 06:41:05');
INSERT INTO `terms` VALUES (99,'1509332265.jpg','bean','2017-10-30 06:57:45','2017-10-30 06:57:45');
INSERT INTO `terms` VALUES (100,'1509332399.jpg','flower','2017-10-30 06:59:59','2017-10-30 06:59:59');
INSERT INTO `terms` VALUES (101,'1509332971.jpg','pear','2017-10-30 07:09:31','2017-10-30 07:09:31');
INSERT INTO `terms` VALUES (102,'1509333196.jpg','leaf','2017-10-30 07:13:16','2017-10-30 07:13:16');
INSERT INTO `terms` VALUES (103,'1509333384.png','key','2017-10-30 07:16:24','2017-10-30 07:16:24');
INSERT INTO `terms` VALUES (104,'1509333612.jpg','castle','2017-10-30 07:20:13','2017-10-30 07:20:13');
INSERT INTO `terms` VALUES (105,'1509333904.jpg','bear','2017-10-30 07:25:04','2017-10-30 07:25:04');
INSERT INTO `terms` VALUES (106,'1509334320.jpg','kitchen','2017-10-30 07:32:00','2017-10-30 07:32:00');
INSERT INTO `terms` VALUES (107,'1509337655.jpg','hen','2017-10-30 08:27:35','2017-10-30 08:27:35');
INSERT INTO `terms` VALUES (108,'1509337963.jpg','duck','2017-10-30 08:32:43','2017-10-30 08:32:43');
INSERT INTO `terms` VALUES (109,'1509781412.jpg','onion','2017-11-04 11:43:33','2017-11-04 11:43:33');
INSERT INTO `terms` VALUES (110,'1509781703.png','garlic','2017-11-04 11:48:23','2017-11-04 11:48:23');
INSERT INTO `terms` VALUES (111,'1509782521.jpg','mushroom','2017-11-04 12:02:01','2017-11-04 12:02:01');
INSERT INTO `terms` VALUES (112,'1509782815.jpg','train','2017-11-04 12:06:56','2017-11-04 12:06:56');
INSERT INTO `terms` VALUES (113,'1509783110.jpg','bicycle','2017-11-04 12:11:50','2017-11-04 12:11:50');
INSERT INTO `terms` VALUES (114,'1509783540.jpg','belt','2017-11-04 12:19:00','2017-11-04 12:19:00');
INSERT INTO `terms` VALUES (115,'1509784154.jpg','newspaper','2017-11-04 12:29:14','2017-11-04 12:29:14');
INSERT INTO `terms` VALUES (116,'1509784651.jpg','umbrella','2017-11-04 12:37:31','2017-11-04 12:37:31');
INSERT INTO `terms` VALUES (117,'1509785825.jpg','glove','2017-11-04 12:57:05','2017-11-04 12:57:05');
INSERT INTO `terms` VALUES (118,'1509786128.png','rabbit','2017-11-04 13:02:08','2017-11-04 13:02:08');
INSERT INTO `terms` VALUES (119,'1509823779.png','wolf','2017-11-04 23:29:39','2017-11-04 23:29:39');
INSERT INTO `terms` VALUES (120,'1509828064.jpg','sea','2017-11-05 00:41:04','2017-11-05 00:41:04');
INSERT INTO `terms` VALUES (121,'1509829270.jpg','honey','2017-11-05 01:01:10','2017-11-05 01:01:10');
INSERT INTO `terms` VALUES (122,'1510313403.png','sugar','2017-11-10 16:30:03','2017-11-10 16:30:03');
INSERT INTO `terms` VALUES (123,'1510314179.jpg','submarine','2017-11-10 16:42:59','2017-11-10 16:42:59');
INSERT INTO `terms` VALUES (124,'1510314456.jpg','lemon','2017-11-10 16:47:37','2017-11-10 16:47:37');
INSERT INTO `terms` VALUES (125,'1510315306.jpg','goat','2017-11-10 17:01:46','2017-11-10 17:01:46');
INSERT INTO `terms` VALUES (126,'1510315544.jpg','hat','2017-11-10 17:05:44','2017-11-10 17:05:44');
INSERT INTO `terms` VALUES (127,'1510316567.jpg','island','2017-11-10 17:22:47','2017-11-10 17:22:47');
INSERT INTO `terms` VALUES (128,'1510316781.jpg','salt','2017-11-10 17:26:21','2017-11-10 17:26:21');
INSERT INTO `terms` VALUES (129,'1510317532.png','charger','2017-11-10 17:38:52','2017-11-10 17:38:52');
INSERT INTO `terms` VALUES (130,'1510320576.jpg','sponge','2017-11-10 18:29:36','2017-11-10 18:29:36');
INSERT INTO `terms` VALUES (131,'1510322043.jpg','finger','2017-11-10 18:54:03','2017-11-10 18:54:03');
INSERT INTO `terms` VALUES (132,'1511920053.jpg','boot','2017-11-29 06:47:34','2017-11-29 06:47:34');
INSERT INTO `terms` VALUES (133,'1511921721.jpg','wall','2017-11-29 07:15:22','2017-11-29 07:15:22');
INSERT INTO `terms` VALUES (134,'1511922400.jpg','boat','2017-11-29 07:26:40','2017-11-29 07:26:40');
INSERT INTO `terms` VALUES (135,'1511926353.png','butterfly','2017-11-29 08:32:33','2017-11-29 08:32:33');
INSERT INTO `terms` VALUES (136,'1511926900.jpg','shark','2017-11-29 08:41:40','2017-11-29 08:41:40');
INSERT INTO `terms` VALUES (137,'1511975994.jpg','wave','2017-11-29 22:19:54','2017-11-29 22:19:54');
INSERT INTO `terms` VALUES (138,'1511976365.jpg','road','2017-11-29 22:26:05','2017-11-29 22:26:05');
INSERT INTO `terms` VALUES (139,'1512194306.jpg','earth','2017-12-02 10:58:26','2017-12-02 10:58:26');
INSERT INTO `terms` VALUES (140,'1512195528.jpg','exit','2017-12-02 11:18:48','2017-12-02 11:18:48');
INSERT INTO `terms` VALUES (141,'1512196122.jpg','bathtub','2017-12-02 11:28:42','2017-12-02 11:28:42');
INSERT INTO `terms` VALUES (142,'1512196889.jpg','beard','2017-12-02 11:34:41','2017-12-02 11:41:29');
INSERT INTO `terms` VALUES (143,'1512197538.jpg','brush','2017-12-02 11:52:18','2017-12-02 11:52:18');
INSERT INTO `terms` VALUES (144,'1512198381.jpg','owl','2017-12-02 12:06:21','2017-12-02 12:06:21');
INSERT INTO `terms` VALUES (145,'1512198942.jpg','money','2017-12-02 12:15:42','2017-12-02 12:15:42');
INSERT INTO `terms` VALUES (146,'1512199350.jpg','neck','2017-12-02 12:22:30','2017-12-02 12:22:30');
INSERT INTO `terms` VALUES (147,'1512199735.png','scarf','2017-12-02 12:28:55','2017-12-02 12:28:55');
INSERT INTO `terms` VALUES (148,'1512200109.jpg','cave','2017-12-02 12:35:09','2017-12-02 12:35:09');
INSERT INTO `terms` VALUES (149,'1512200629.jpg','church','2017-12-02 12:43:49','2017-12-02 12:43:49');
INSERT INTO `terms` VALUES (150,'1512477687.jpg','bird','2017-12-05 17:41:27','2017-12-05 17:41:27');
INSERT INTO `terms` VALUES (151,'1512480300.jpg','forest','2017-12-05 18:25:00','2017-12-05 18:25:00');
INSERT INTO `terms` VALUES (152,'1512480682.jpg','curtain','2017-12-05 18:31:22','2017-12-05 18:31:22');
INSERT INTO `terms` VALUES (153,'1512481192.jpg','tower','2017-12-05 18:39:52','2017-12-05 18:39:52');
INSERT INTO `terms` VALUES (154,'1512485770.jpg','star','2017-12-05 19:56:10','2017-12-05 19:56:10');
INSERT INTO `terms` VALUES (155,'1512487847.jpg','soap','2017-12-05 20:30:47','2017-12-05 20:30:47');
INSERT INTO `terms` VALUES (156,'1512488076.jpg','mirror','2017-12-05 20:34:36','2017-12-05 20:34:36');
INSERT INTO `terms` VALUES (157,'1512488862.jpg','stone','2017-12-05 20:47:42','2017-12-05 20:47:42');
INSERT INTO `terms` VALUES (158,'1513241186.jpg','turtle','2017-12-14 13:46:26','2017-12-14 13:46:26');
INSERT INTO `terms` VALUES (159,'1513241900.jpg','wallet','2017-12-14 13:58:20','2017-12-14 13:58:20');
INSERT INTO `terms` VALUES (160,'1513242290.jpg','towel','2017-12-14 14:04:51','2017-12-14 14:04:51');
INSERT INTO `terms` VALUES (161,'1513242688.jpg','cup','2017-12-14 14:11:28','2017-12-14 14:11:28');
INSERT INTO `terms` VALUES (162,'1513243234.jpg','toothbrush','2017-12-14 14:20:34','2017-12-14 14:20:34');
INSERT INTO `terms` VALUES (163,'1513243557.jpg','foot','2017-12-14 14:25:58','2017-12-14 14:25:58');
INSERT INTO `terms` VALUES (164,'1513437777.jpg','trousers','2017-12-16 20:22:57','2017-12-16 20:22:57');
INSERT INTO `terms` VALUES (165,'1513486002.png','bowl','2017-12-17 09:46:42','2017-12-17 09:46:42');
INSERT INTO `terms` VALUES (166,'1513486713.jpg','hair','2017-12-17 09:58:33','2017-12-17 09:58:33');
INSERT INTO `terms` VALUES (167,'1513488947.jpg','chef','2017-12-17 10:35:48','2017-12-17 10:42:31');
INSERT INTO `terms` VALUES (168,'1513490008.jpg','doctor','2017-12-17 10:53:28','2017-12-17 10:53:28');
INSERT INTO `terms` VALUES (169,'1513490512.jpg','razor','2017-12-17 11:01:52','2017-12-17 11:01:52');
INSERT INTO `terms` VALUES (170,'1513491105.jpg','bone','2017-12-17 11:11:45','2017-12-17 11:11:45');
INSERT INTO `terms` VALUES (171,'1513491734.jpg','cap','2017-12-17 11:22:14','2017-12-17 11:22:14');
INSERT INTO `terms` VALUES (172,'1513492135.jpg','sand','2017-12-17 11:28:55','2017-12-17 11:28:55');
INSERT INTO `terms` VALUES (173,'1513492546.jpg','jam','2017-12-17 11:35:46','2017-12-17 11:35:46');
INSERT INTO `terms` VALUES (174,'1513493003.jpg','strawberry','2017-12-17 11:43:23','2017-12-17 11:43:23');
INSERT INTO `terms` VALUES (175,'1513493218.png','apricot','2017-12-17 11:46:59','2017-12-17 11:46:59');
INSERT INTO `terms` VALUES (176,'1513493522.png','peach','2017-12-17 11:52:02','2017-12-17 11:52:02');
INSERT INTO `terms` VALUES (177,'1513494532.jpg','pasta','2017-12-17 12:08:52','2017-12-17 12:08:52');
INSERT INTO `terms` VALUES (178,'1513559021.jpg','wardrobe','2017-12-18 06:03:41','2017-12-18 06:03:41');
DROP TABLE IF EXISTS `vocabulary`;
/*!40101 SET @saved_cs_client     = @@character_set_client */;
/*!40101 SET character_set_client = utf8 */;
CREATE TABLE `vocabulary` (
  `id` int(10) unsigned NOT NULL AUTO_INCREMENT,
  `translation` varchar(255) COLLATE utf8mb4_unicode_ci NOT NULL,
  `language_id` tinyint(3) unsigned NOT NULL,
  `term_id` int(10) unsigned NOT NULL,
  `created_at` timestamp NULL DEFAULT NULL,
  `updated_at` timestamp NULL DEFAULT NULL,
  PRIMARY KEY (`id`),
  KEY `vocabulary_language_id_index` (`language_id`),
  KEY `vocabulary_term_id_index` (`term_id`)
) ENGINE=InnoDB AUTO_INCREMENT=385 DEFAULT CHARSET=utf8mb4 COLLATE=utf8mb4_unicode_ci;
/*!40101 SET character_set_client = @saved_cs_client */;
INSERT INTO `vocabulary` VALUES (3,'la balle',3,3,'2017-10-14 12:26:59','2017-10-14 12:26:59');
INSERT INTO `vocabulary` VALUES (4,'der Ball',2,3,'2017-10-14 12:27:34','2017-10-14 12:27:34');
INSERT INTO `vocabulary` VALUES (5,'die Tür',2,7,'2017-10-14 12:45:08','2017-10-14 12:45:08');
INSERT INTO `vocabulary` VALUES (6,'la porte',3,7,'2017-10-14 12:45:31','2017-10-14 12:45:31');
INSERT INTO `vocabulary` VALUES (7,'la cuillère',3,10,'2017-10-14 12:46:16','2017-10-14 12:46:16');
INSERT INTO `vocabulary` VALUES (8,'der Löffel',2,10,'2017-10-14 12:46:37','2017-10-14 12:46:37');
INSERT INTO `vocabulary` VALUES (9,'la fenêtre',3,6,'2017-10-14 15:53:08','2017-10-14 15:53:08');
INSERT INTO `vocabulary` VALUES (10,'das Fenster',2,6,'2017-10-14 15:53:20','2017-10-14 15:53:20');
INSERT INTO `vocabulary` VALUES (11,'das Hemd',2,8,'2017-10-14 16:43:12','2017-10-14 16:43:12');
INSERT INTO `vocabulary` VALUES (20,'la chemise',3,8,'2017-10-15 08:08:45','2017-10-15 08:08:45');
INSERT INTO `vocabulary` VALUES (21,'der Stuhl',2,9,'2017-10-15 14:46:26','2017-10-15 14:46:26');
INSERT INTO `vocabulary` VALUES (22,'la chaise',3,9,'2017-10-15 14:47:22','2017-10-15 14:47:22');
INSERT INTO `vocabulary` VALUES (23,'die Gabel',2,5,'2017-10-16 06:32:52','2017-10-16 06:32:52');
INSERT INTO `vocabulary` VALUES (24,'la fourchette',3,5,'2017-10-16 06:33:13','2017-10-16 06:33:13');
INSERT INTO `vocabulary` VALUES (25,'das Streichholz',2,11,'2017-10-16 06:49:50','2017-10-16 06:49:50');
INSERT INTO `vocabulary` VALUES (26,'allumette (f)',3,11,'2017-10-16 06:51:19','2017-10-16 06:51:19');
INSERT INTO `vocabulary` VALUES (27,'Шибица',9,11,'2017-10-18 22:20:53','2017-10-18 22:20:53');
INSERT INTO `vocabulary` VALUES (28,'Прозор',9,6,'2017-10-18 22:21:58','2017-10-18 22:21:58');
INSERT INTO `vocabulary` VALUES (29,'Лопта',9,3,'2017-10-18 22:22:58','2017-10-18 22:22:58');
INSERT INTO `vocabulary` VALUES (30,'Виљушка',9,5,'2017-10-18 22:24:14','2017-10-18 22:24:14');
INSERT INTO `vocabulary` VALUES (31,'Врата',9,7,'2017-10-18 22:25:19','2017-10-18 22:25:19');
INSERT INTO `vocabulary` VALUES (32,'Кошуља',9,8,'2017-10-18 22:25:59','2017-10-18 22:25:59');
INSERT INTO `vocabulary` VALUES (33,'Столица',9,9,'2017-10-18 22:26:38','2017-10-18 22:26:38');
INSERT INTO `vocabulary` VALUES (34,'Кашика',9,10,'2017-10-18 22:27:53','2017-10-18 22:27:53');
INSERT INTO `vocabulary` VALUES (35,'die Spinne',2,12,'2017-10-19 03:42:29','2017-10-19 03:42:29');
INSERT INTO `vocabulary` VALUES (36,'araignée (f)',3,12,'2017-10-19 03:43:55','2017-10-19 03:43:55');
INSERT INTO `vocabulary` VALUES (37,'der Baum',2,13,'2017-10-19 03:47:39','2017-10-19 03:47:39');
INSERT INTO `vocabulary` VALUES (38,'arbre (m)',3,13,'2017-10-19 03:48:03','2017-10-19 03:48:03');
INSERT INTO `vocabulary` VALUES (39,'der Regenbogen',2,14,'2017-10-19 03:51:26','2017-10-19 03:51:26');
INSERT INTO `vocabulary` VALUES (40,'arc-en-ciel (m)',3,14,'2017-10-19 03:51:53','2017-10-19 03:51:53');
INSERT INTO `vocabulary` VALUES (41,'das Flugzeug',2,15,'2017-10-19 04:05:21','2017-10-19 04:05:21');
INSERT INTO `vocabulary` VALUES (42,'avion (m)',3,15,'2017-10-19 04:05:37','2017-10-19 04:05:37');
INSERT INTO `vocabulary` VALUES (43,'la baleine',3,16,'2017-10-19 04:23:37','2017-10-19 04:23:37');
INSERT INTO `vocabulary` VALUES (44,'der Wal',2,16,'2017-10-19 04:24:03','2017-10-19 04:24:03');
INSERT INTO `vocabulary` VALUES (45,'die Gebäude',2,17,'2017-10-19 04:38:59','2017-10-19 04:38:59');
INSERT INTO `vocabulary` VALUES (46,'le bâtiment',3,17,'2017-10-19 04:39:15','2017-10-19 04:39:15');
INSERT INTO `vocabulary` VALUES (47,'der Weizen',2,18,'2017-10-19 04:50:24','2017-10-19 04:50:24');
INSERT INTO `vocabulary` VALUES (48,'le blé',3,18,'2017-10-19 04:50:56','2017-10-19 04:50:56');
INSERT INTO `vocabulary` VALUES (49,'die Schachtel',2,19,'2017-10-19 04:53:57','2017-10-19 04:53:57');
INSERT INTO `vocabulary` VALUES (50,'la boîte',3,19,'2017-10-19 04:54:10','2017-10-19 04:54:10');
INSERT INTO `vocabulary` VALUES (52,'œil (m)',3,22,'2017-10-20 04:04:12','2017-10-20 04:04:12');
INSERT INTO `vocabulary` VALUES (53,'das Ohr',2,23,'2017-10-20 04:18:47','2017-10-20 04:18:47');
INSERT INTO `vocabulary` VALUES (54,'oreille (f)',3,23,'2017-10-20 04:18:59','2017-10-20 04:18:59');
INSERT INTO `vocabulary` VALUES (57,'die Hand',2,25,'2017-10-20 04:32:40','2017-10-20 04:32:40');
INSERT INTO `vocabulary` VALUES (58,'la main',3,25,'2017-10-20 04:32:54','2017-10-20 04:32:54');
INSERT INTO `vocabulary` VALUES (59,'die Mund',2,28,'2017-10-20 20:03:56','2017-10-20 20:03:56');
INSERT INTO `vocabulary` VALUES (60,'la bouche',3,28,'2017-10-20 20:05:52','2017-10-20 20:05:52');
INSERT INTO `vocabulary` VALUES (61,'die Gehirn',2,29,'2017-10-21 05:58:02','2017-10-21 05:58:02');
INSERT INTO `vocabulary` VALUES (62,'le cerveau',3,29,'2017-10-21 05:59:22','2017-10-21 05:59:22');
INSERT INTO `vocabulary` VALUES (63,'le nez',3,30,'2017-10-21 06:09:22','2017-10-21 06:09:22');
INSERT INTO `vocabulary` VALUES (64,'die Nase',2,30,'2017-10-21 06:09:35','2017-10-21 06:09:35');
INSERT INTO `vocabulary` VALUES (65,'Кутија',9,19,'2017-10-21 08:36:37','2017-10-21 08:36:37');
INSERT INTO `vocabulary` VALUES (66,'Мозак',9,29,'2017-10-21 08:39:24','2017-10-21 08:39:24');
INSERT INTO `vocabulary` VALUES (67,'Зграда',9,17,'2017-10-21 08:39:38','2017-10-21 08:39:38');
INSERT INTO `vocabulary` VALUES (68,'Уво',9,23,'2017-10-21 08:39:50','2017-10-21 08:39:50');
INSERT INTO `vocabulary` VALUES (69,'Око',9,22,'2017-10-21 08:40:02','2017-10-21 08:40:02');
INSERT INTO `vocabulary` VALUES (70,'die Haut',2,31,'2017-10-21 08:51:12','2017-10-21 08:51:12');
INSERT INTO `vocabulary` VALUES (71,'la peau',3,31,'2017-10-21 08:51:36','2017-10-21 08:51:36');
INSERT INTO `vocabulary` VALUES (72,'Кожа',9,31,'2017-10-21 08:51:48','2017-10-21 08:51:48');
INSERT INTO `vocabulary` VALUES (73,'der Zahn',2,32,'2017-10-21 09:30:45','2017-10-21 09:30:45');
INSERT INTO `vocabulary` VALUES (74,'la dent',3,32,'2017-10-21 09:31:00','2017-10-21 09:31:00');
INSERT INTO `vocabulary` VALUES (75,'assiette (f)',3,33,'2017-10-21 09:32:33','2017-10-21 09:32:33');
INSERT INTO `vocabulary` VALUES (76,'der Teller',2,33,'2017-10-21 09:32:44','2017-10-21 09:32:44');
INSERT INTO `vocabulary` VALUES (77,'die Holz',2,34,'2017-10-21 09:36:13','2017-10-21 09:36:13');
INSERT INTO `vocabulary` VALUES (78,'le bois',3,34,'2017-10-21 09:37:12','2017-10-21 09:37:12');
INSERT INTO `vocabulary` VALUES (79,'der Schuh',2,35,'2017-10-21 09:43:13','2017-10-21 09:43:13');
INSERT INTO `vocabulary` VALUES (80,'la chaussure',3,35,'2017-10-21 09:43:26','2017-10-21 09:43:26');
INSERT INTO `vocabulary` VALUES (81,'die Socke',2,36,'2017-10-21 09:49:26','2017-10-21 09:49:26');
INSERT INTO `vocabulary` VALUES (82,'la chaussette',3,36,'2017-10-21 09:49:40','2017-10-21 09:49:40');
INSERT INTO `vocabulary` VALUES (83,'Шака',9,25,'2017-10-21 12:59:01','2017-10-21 12:59:01');
INSERT INTO `vocabulary` VALUES (84,'Уста',9,28,'2017-10-21 12:59:15','2017-10-21 12:59:15');
INSERT INTO `vocabulary` VALUES (85,'Авион',9,15,'2017-10-21 12:59:31','2017-10-21 12:59:31');
INSERT INTO `vocabulary` VALUES (86,'Нос',9,30,'2017-10-21 12:59:59','2017-10-21 12:59:59');
INSERT INTO `vocabulary` VALUES (87,'Зуб',9,32,'2017-10-21 13:00:16','2017-10-21 13:00:16');
INSERT INTO `vocabulary` VALUES (88,'das Messer',2,37,'2017-10-22 00:05:00','2017-10-22 00:05:00');
INSERT INTO `vocabulary` VALUES (89,'le couteau',3,37,'2017-10-22 00:05:23','2017-10-22 00:05:23');
INSERT INTO `vocabulary` VALUES (90,'die Katze',2,38,'2017-10-22 00:20:08','2017-10-22 00:20:08');
INSERT INTO `vocabulary` VALUES (91,'le chat',3,38,'2017-10-22 00:21:19','2017-10-22 00:21:19');
INSERT INTO `vocabulary` VALUES (92,'der Hund',2,39,'2017-10-22 00:29:41','2017-10-22 00:29:41');
INSERT INTO `vocabulary` VALUES (93,'le chien',3,39,'2017-10-22 00:30:28','2017-10-22 00:30:28');
INSERT INTO `vocabulary` VALUES (94,'das Ei',2,40,'2017-10-22 19:02:31','2017-10-22 19:02:31');
INSERT INTO `vocabulary` VALUES (95,'œuf (m)',3,40,'2017-10-22 19:02:53','2017-10-22 19:02:53');
INSERT INTO `vocabulary` VALUES (96,'der Käse',2,41,'2017-10-22 19:11:13','2017-10-22 19:11:13');
INSERT INTO `vocabulary` VALUES (97,'le fromage',3,41,'2017-10-22 19:11:27','2017-10-22 19:11:27');
INSERT INTO `vocabulary` VALUES (98,'das Buch',2,42,'2017-10-22 19:46:53','2017-10-22 19:46:53');
INSERT INTO `vocabulary` VALUES (99,'le livre',3,42,'2017-10-22 19:47:12','2017-10-22 19:47:12');
INSERT INTO `vocabulary` VALUES (100,'le cahier',3,43,'2017-10-22 19:55:18','2017-10-22 19:55:18');
INSERT INTO `vocabulary` VALUES (101,'das Heft',2,43,'2017-10-22 19:55:44','2017-10-22 19:55:44');
INSERT INTO `vocabulary` VALUES (103,'le crayon',3,44,'2017-10-22 20:16:04','2017-10-22 20:16:04');
INSERT INTO `vocabulary` VALUES (105,'der Radiergummi',2,45,'2017-10-22 20:24:20','2017-10-22 20:24:20');
INSERT INTO `vocabulary` VALUES (106,'la gomme',3,45,'2017-10-22 20:24:34','2017-10-22 20:24:34');
INSERT INTO `vocabulary` VALUES (107,'das Haus',2,46,'2017-10-23 19:15:49','2017-10-23 19:15:49');
INSERT INTO `vocabulary` VALUES (108,'la maison',3,46,'2017-10-23 19:16:05','2017-10-23 19:16:05');
INSERT INTO `vocabulary` VALUES (109,'das Dach',2,47,'2017-10-23 19:22:51','2017-10-23 19:22:51');
INSERT INTO `vocabulary` VALUES (110,'le toit',3,47,'2017-10-23 19:23:02','2017-10-23 19:23:02');
INSERT INTO `vocabulary` VALUES (111,'la montre',3,48,'2017-10-24 00:10:43','2017-10-24 00:10:43');
INSERT INTO `vocabulary` VALUES (112,'die Uhr',2,48,'2017-10-24 00:11:07','2017-10-24 00:11:07');
INSERT INTO `vocabulary` VALUES (113,'le fauteuil',3,49,'2017-10-24 00:24:19','2017-10-24 00:24:19');
INSERT INTO `vocabulary` VALUES (114,'der Sessel',2,49,'2017-10-24 00:24:42','2017-10-24 00:24:42');
INSERT INTO `vocabulary` VALUES (115,'le verre',3,50,'2017-10-24 00:56:55','2017-10-24 00:56:55');
INSERT INTO `vocabulary` VALUES (116,'das Glas',2,50,'2017-10-24 00:57:08','2017-10-24 00:57:08');
INSERT INTO `vocabulary` VALUES (117,'la robe',3,51,'2017-10-24 03:23:16','2017-10-24 03:23:16');
INSERT INTO `vocabulary` VALUES (118,'das Kleid',2,51,'2017-10-24 03:23:50','2017-10-24 03:23:50');
INSERT INTO `vocabulary` VALUES (119,'la jupe',3,52,'2017-10-24 03:31:58','2017-10-24 03:31:58');
INSERT INTO `vocabulary` VALUES (120,'der Rock',2,52,'2017-10-24 03:32:11','2017-10-24 03:32:11');
INSERT INTO `vocabulary` VALUES (121,'der Bleistift',2,44,'2017-10-24 03:38:10','2017-10-24 03:38:10');
INSERT INTO `vocabulary` VALUES (122,'le gâteau',3,53,'2017-10-24 06:13:44','2017-10-24 06:13:44');
INSERT INTO `vocabulary` VALUES (123,'der Kuchen',2,53,'2017-10-24 06:15:54','2017-10-24 06:15:54');
INSERT INTO `vocabulary` VALUES (124,'escalier (m)',3,54,'2017-10-24 06:30:42','2017-10-24 06:30:42');
INSERT INTO `vocabulary` VALUES (126,'die Treppe',2,54,'2017-10-24 06:43:10','2017-10-24 06:43:10');
INSERT INTO `vocabulary` VALUES (127,'die Flasche',2,55,'2017-10-24 06:55:34','2017-10-24 06:55:34');
INSERT INTO `vocabulary` VALUES (128,'la bouteille',3,55,'2017-10-24 06:55:57','2017-10-24 06:55:57');
INSERT INTO `vocabulary` VALUES (129,'oreiller (m)',3,56,'2017-10-24 07:05:13','2017-10-24 07:05:13');
INSERT INTO `vocabulary` VALUES (130,'das Kissen',2,56,'2017-10-24 07:05:58','2017-10-24 07:05:58');
INSERT INTO `vocabulary` VALUES (131,'der Apfel',2,57,'2017-10-24 07:18:38','2017-10-24 07:18:38');
INSERT INTO `vocabulary` VALUES (132,'la pomme',3,57,'2017-10-24 07:18:53','2017-10-24 07:18:53');
INSERT INTO `vocabulary` VALUES (133,'la souris',3,58,'2017-10-24 07:25:34','2017-10-24 07:25:34');
INSERT INTO `vocabulary` VALUES (134,'die Maus',2,58,'2017-10-24 07:25:47','2017-10-24 07:25:47');
INSERT INTO `vocabulary` VALUES (135,'die Tasche',2,59,'2017-10-24 21:42:29','2017-10-24 21:42:29');
INSERT INTO `vocabulary` VALUES (136,'le sac',3,59,'2017-10-24 21:44:14','2017-10-24 21:44:14');
INSERT INTO `vocabulary` VALUES (137,'die Jacke',2,60,'2017-10-24 21:55:29','2017-10-24 21:55:29');
INSERT INTO `vocabulary` VALUES (138,'la veste',3,60,'2017-10-24 21:57:06','2017-10-24 21:57:06');
INSERT INTO `vocabulary` VALUES (139,'le bouton',3,61,'2017-10-24 21:59:46','2017-10-24 21:59:46');
INSERT INTO `vocabulary` VALUES (140,'der Knopf',2,61,'2017-10-24 21:59:59','2017-10-24 21:59:59');
INSERT INTO `vocabulary` VALUES (141,'der Mantel',2,62,'2017-10-24 22:06:00','2017-10-24 22:06:00');
INSERT INTO `vocabulary` VALUES (142,'le manteau',3,62,'2017-10-24 22:06:14','2017-10-24 22:06:14');
INSERT INTO `vocabulary` VALUES (143,'das Bett',2,63,'2017-10-24 23:32:18','2017-10-24 23:32:18');
INSERT INTO `vocabulary` VALUES (144,'le lit',3,63,'2017-10-24 23:32:31','2017-10-24 23:32:31');
INSERT INTO `vocabulary` VALUES (145,'la jouet',3,64,'2017-10-25 17:32:42','2017-10-25 17:32:42');
INSERT INTO `vocabulary` VALUES (146,'das Spielzeug',2,64,'2017-10-25 17:33:10','2017-10-25 17:33:10');
INSERT INTO `vocabulary` VALUES (147,'das Bein',2,65,'2017-10-25 17:44:18','2017-10-25 17:44:18');
INSERT INTO `vocabulary` VALUES (148,'la jambe',3,65,'2017-10-25 17:44:41','2017-10-25 17:44:41');
INSERT INTO `vocabulary` VALUES (149,'die Arm',2,66,'2017-10-25 17:49:08','2017-10-25 17:49:08');
INSERT INTO `vocabulary` VALUES (150,'le bras',3,66,'2017-10-25 17:49:43','2017-10-25 17:49:43');
INSERT INTO `vocabulary` VALUES (151,'das Fleisch',2,67,'2017-10-25 18:04:06','2017-10-25 18:04:06');
INSERT INTO `vocabulary` VALUES (152,'la viande',3,67,'2017-10-25 18:04:21','2017-10-25 18:04:21');
INSERT INTO `vocabulary` VALUES (153,'die Kartoffel',2,68,'2017-10-25 18:08:12','2017-10-25 18:08:12');
INSERT INTO `vocabulary` VALUES (154,'la pomme de terre',3,68,'2017-10-25 18:08:27','2017-10-25 18:08:27');
INSERT INTO `vocabulary` VALUES (155,'die Tomate',2,69,'2017-10-25 18:09:22','2017-10-25 18:09:22');
INSERT INTO `vocabulary` VALUES (156,'la tomate',3,69,'2017-10-25 18:09:36','2017-10-25 18:09:36');
INSERT INTO `vocabulary` VALUES (157,'der Fisch',2,70,'2017-10-26 12:17:38','2017-10-26 12:17:38');
INSERT INTO `vocabulary` VALUES (158,'le poisson',3,70,'2017-10-26 12:17:50','2017-10-26 12:17:50');
INSERT INTO `vocabulary` VALUES (159,'das Pferd',2,71,'2017-10-26 12:22:41','2017-10-26 12:22:41');
INSERT INTO `vocabulary` VALUES (160,'le cheval',3,71,'2017-10-26 12:22:57','2017-10-26 12:22:57');
INSERT INTO `vocabulary` VALUES (161,'die Kuh',2,72,'2017-10-26 12:33:09','2017-10-26 12:33:09');
INSERT INTO `vocabulary` VALUES (162,'la vache',3,72,'2017-10-26 12:33:27','2017-10-26 12:33:27');
INSERT INTO `vocabulary` VALUES (163,'die Milch',2,73,'2017-10-26 12:40:26','2017-10-26 12:40:26');
INSERT INTO `vocabulary` VALUES (164,'le lait',3,73,'2017-10-26 12:40:41','2017-11-04 09:59:20');
INSERT INTO `vocabulary` VALUES (165,'der Saft',2,74,'2017-10-26 12:46:51','2017-10-26 12:46:51');
INSERT INTO `vocabulary` VALUES (166,'le jus',3,74,'2017-10-26 12:47:10','2017-10-26 12:47:10');
INSERT INTO `vocabulary` VALUES (167,'der Tisch',2,75,'2017-10-26 13:01:48','2017-10-26 13:01:48');
INSERT INTO `vocabulary` VALUES (168,'la table',3,75,'2017-10-26 13:02:04','2017-10-26 13:02:04');
INSERT INTO `vocabulary` VALUES (169,'der Berg',2,76,'2017-10-26 17:13:01','2017-10-26 17:13:01');
INSERT INTO `vocabulary` VALUES (170,'la montagne',3,76,'2017-10-26 17:13:18','2017-10-26 17:13:18');
INSERT INTO `vocabulary` VALUES (171,'der Himmel',2,77,'2017-10-26 17:22:28','2017-10-26 17:22:28');
INSERT INTO `vocabulary` VALUES (172,'le ciel',3,77,'2017-10-26 17:22:43','2017-10-26 17:22:43');
INSERT INTO `vocabulary` VALUES (173,'la﻿ lune',3,78,'2017-10-26 17:38:13','2017-10-26 17:38:13');
INSERT INTO `vocabulary` VALUES (174,'der Mond',2,78,'2017-10-26 17:38:31','2017-10-26 17:38:31');
INSERT INTO `vocabulary` VALUES (175,'die Wolke',2,79,'2017-10-26 18:04:47','2017-10-26 18:04:47');
INSERT INTO `vocabulary` VALUES (176,'le nuage',3,79,'2017-10-26 18:05:32','2017-10-26 18:05:32');
INSERT INTO `vocabulary` VALUES (177,'die Kerze',2,80,'2017-10-28 08:57:21','2017-10-28 08:57:21');
INSERT INTO `vocabulary` VALUES (178,'la bougie',3,80,'2017-10-28 08:58:18','2017-10-28 08:58:18');
INSERT INTO `vocabulary` VALUES (179,'le briquet',3,81,'2017-10-28 09:02:28','2017-10-28 09:02:28');
INSERT INTO `vocabulary` VALUES (180,'das Feuerzeug',2,81,'2017-10-28 09:02:44','2017-10-28 09:02:44');
INSERT INTO `vocabulary` VALUES (181,'le feu',3,82,'2017-10-28 09:05:09','2017-10-28 09:05:09');
INSERT INTO `vocabulary` VALUES (182,'das Feuer',2,82,'2017-10-28 09:05:24','2017-10-28 09:05:24');
INSERT INTO `vocabulary` VALUES (183,'la salle de bains',3,83,'2017-10-28 09:15:19','2017-10-28 09:15:19');
INSERT INTO `vocabulary` VALUES (184,'das Badezimmer',2,83,'2017-10-28 09:15:37','2017-10-28 09:15:37');
INSERT INTO `vocabulary` VALUES (185,'das Schlafzimmer',2,84,'2017-10-28 09:19:40','2017-10-28 09:19:40');
INSERT INTO `vocabulary` VALUES (186,'la chambre à coucher',3,84,'2017-10-28 09:20:09','2017-10-28 09:20:09');
INSERT INTO `vocabulary` VALUES (187,'die﻿ Tastatur',2,85,'2017-10-28 09:25:01','2017-10-28 09:25:01');
INSERT INTO `vocabulary` VALUES (188,'le clavier',3,85,'2017-10-28 09:25:22','2017-10-28 09:25:22');
INSERT INTO `vocabulary` VALUES (189,'le drapeau',3,86,'2017-10-28 09:37:36','2017-10-28 09:37:36');
INSERT INTO `vocabulary` VALUES (190,'die Fahne',2,86,'2017-10-28 09:41:46','2017-10-28 09:41:46');
INSERT INTO `vocabulary` VALUES (191,'das Ziel',2,87,'2017-10-28 09:50:09','2017-10-28 09:50:09');
INSERT INTO `vocabulary` VALUES (192,'la cible',3,87,'2017-10-28 09:50:23','2017-10-28 09:50:23');
INSERT INTO `vocabulary` VALUES (193,'la roue',3,88,'2017-10-28 10:18:06','2017-10-28 10:18:06');
INSERT INTO `vocabulary` VALUES (194,'das Rad',2,88,'2017-10-28 10:18:21','2017-10-28 10:18:21');
INSERT INTO `vocabulary` VALUES (195,'la piscine',3,89,'2017-10-28 10:28:23','2017-10-28 10:28:23');
INSERT INTO `vocabulary` VALUES (196,'das Schwimmbad',2,89,'2017-10-28 10:28:59','2017-10-28 10:28:59');
INSERT INTO `vocabulary` VALUES (197,'le fleuve',3,90,'2017-10-28 10:38:43','2017-10-28 10:38:43');
INSERT INTO `vocabulary` VALUES (198,'der Fluss',2,90,'2017-10-28 10:39:08','2017-10-28 10:39:08');
INSERT INTO `vocabulary` VALUES (199,'la voiture',3,91,'2017-10-28 10:53:45','2017-10-28 10:53:45');
INSERT INTO `vocabulary` VALUES (200,'das Auto',2,91,'2017-10-28 10:54:00','2017-10-28 10:54:00');
INSERT INTO `vocabulary` VALUES (201,'le cœur',3,92,'2017-10-28 10:57:58','2017-10-28 10:57:58');
INSERT INTO `vocabulary` VALUES (202,'das Herz',2,92,'2017-10-28 10:58:10','2017-10-28 10:58:10');
INSERT INTO `vocabulary` VALUES (203,'die Sonne',2,93,'2017-10-28 11:06:20','2017-10-28 11:06:20');
INSERT INTO `vocabulary` VALUES (204,'le soleil',3,93,'2017-10-28 11:06:32','2017-10-28 11:06:32');
INSERT INTO `vocabulary` VALUES (205,'le tapis',3,94,'2017-10-28 11:09:11','2017-10-28 11:09:11');
INSERT INTO `vocabulary` VALUES (206,'der Teppich',2,94,'2017-10-28 11:09:20','2017-10-28 11:09:20');
INSERT INTO `vocabulary` VALUES (207,'le raisin',3,95,'2017-10-28 11:21:39','2017-10-28 11:21:39');
INSERT INTO `vocabulary` VALUES (208,'die Traube',2,95,'2017-10-28 11:21:51','2017-10-28 11:21:51');
INSERT INTO `vocabulary` VALUES (210,'le pont',3,96,'2017-10-28 11:26:17','2017-10-28 11:26:17');
INSERT INTO `vocabulary` VALUES (211,'die Brücke',2,96,'2017-10-28 11:26:31','2017-10-28 11:26:31');
INSERT INTO `vocabulary` VALUES (212,'le pain',3,97,'2017-10-30 06:34:15','2017-10-30 06:34:15');
INSERT INTO `vocabulary` VALUES (213,'das Brot',2,97,'2017-10-30 06:34:33','2017-10-30 06:34:33');
INSERT INTO `vocabulary` VALUES (214,'les lunettes',3,98,'2017-10-30 06:43:10','2017-10-30 06:43:10');
INSERT INTO `vocabulary` VALUES (215,'die Brille',2,98,'2017-10-30 06:45:32','2017-10-30 06:45:32');
INSERT INTO `vocabulary` VALUES (216,'das Auge',2,22,'2017-10-30 06:49:10','2017-10-30 06:49:10');
INSERT INTO `vocabulary` VALUES (217,'haricot (m)',3,99,'2017-10-30 06:58:05','2017-10-30 23:50:24');
INSERT INTO `vocabulary` VALUES (218,'die Bohne',2,99,'2017-10-30 06:58:19','2017-10-30 06:58:19');
INSERT INTO `vocabulary` VALUES (219,'la fleur',3,100,'2017-10-30 07:00:25','2017-10-30 07:00:25');
INSERT INTO `vocabulary` VALUES (220,'die Blume',2,100,'2017-10-30 07:00:39','2017-10-30 07:00:39');
INSERT INTO `vocabulary` VALUES (221,'la poire',3,101,'2017-10-30 07:09:57','2017-10-30 07:09:57');
INSERT INTO `vocabulary` VALUES (222,'die Birne',2,101,'2017-10-30 07:10:13','2017-10-30 07:10:13');
INSERT INTO `vocabulary` VALUES (223,'la feuille',3,102,'2017-10-30 07:13:52','2017-10-30 07:13:52');
INSERT INTO `vocabulary` VALUES (224,'das Blatt',2,102,'2017-10-30 07:14:21','2017-10-30 07:14:21');
INSERT INTO `vocabulary` VALUES (225,'la clè',3,103,'2017-10-30 07:17:27','2017-10-30 07:17:27');
INSERT INTO `vocabulary` VALUES (226,'der Schlüssel',2,103,'2017-10-30 07:18:05','2017-10-30 07:18:05');
INSERT INTO `vocabulary` VALUES (227,'le château',3,104,'2017-10-30 07:20:23','2017-10-30 07:20:23');
INSERT INTO `vocabulary` VALUES (228,'das Schloss',2,104,'2017-10-30 07:22:03','2017-10-30 07:22:03');
INSERT INTO `vocabulary` VALUES (229,'die Burg',2,104,'2017-10-30 07:22:20','2017-10-30 07:22:20');
INSERT INTO `vocabulary` VALUES (230,'ours (m)',3,105,'2017-10-30 07:25:29','2017-10-30 23:17:28');
INSERT INTO `vocabulary` VALUES (231,'der Bär',2,105,'2017-10-30 07:27:29','2017-10-30 07:27:29');
INSERT INTO `vocabulary` VALUES (232,'la cuisine',3,106,'2017-10-30 07:32:53','2017-10-30 08:13:28');
INSERT INTO `vocabulary` VALUES (234,'die Küche',2,106,'2017-10-30 07:38:36','2017-10-30 07:38:36');
INSERT INTO `vocabulary` VALUES (235,'la poule',3,107,'2017-10-30 08:28:22','2017-10-30 08:28:22');
INSERT INTO `vocabulary` VALUES (236,'die Henne',2,107,'2017-10-30 08:28:39','2017-10-30 08:28:39');
INSERT INTO `vocabulary` VALUES (237,'le canard',3,108,'2017-10-30 08:33:16','2017-10-30 08:33:16');
INSERT INTO `vocabulary` VALUES (238,'die Ente',2,108,'2017-10-30 08:33:27','2017-10-30 08:33:27');
INSERT INTO `vocabulary` VALUES (239,'oignon (m)',3,109,'2017-11-04 11:44:50','2017-11-04 11:44:50');
INSERT INTO `vocabulary` VALUES (240,'die Zwiebel',2,109,'2017-11-04 11:45:04','2017-11-04 11:45:04');
INSERT INTO `vocabulary` VALUES (241,'der Knoblauch',2,110,'2017-11-04 11:53:32','2017-11-04 11:53:32');
INSERT INTO `vocabulary` VALUES (242,'ail (m)',3,110,'2017-11-04 11:53:43','2017-11-04 11:53:43');
INSERT INTO `vocabulary` VALUES (243,'der Pilz',2,111,'2017-11-04 12:02:32','2017-11-04 12:02:32');
INSERT INTO `vocabulary` VALUES (244,'le champignon',3,111,'2017-11-04 12:02:45','2017-11-04 12:02:45');
INSERT INTO `vocabulary` VALUES (245,'le train',3,112,'2017-11-04 12:07:35','2017-11-04 12:07:35');
INSERT INTO `vocabulary` VALUES (246,'der Zug',2,112,'2017-11-04 12:07:56','2017-11-04 12:07:56');
INSERT INTO `vocabulary` VALUES (247,'le vélo',3,113,'2017-11-04 12:12:17','2017-11-04 12:12:17');
INSERT INTO `vocabulary` VALUES (248,'das Fahrrad',2,113,'2017-11-04 12:13:02','2017-11-04 12:13:02');
INSERT INTO `vocabulary` VALUES (249,'la bicyclette',3,113,'2017-11-04 12:14:41','2017-11-04 12:14:41');
INSERT INTO `vocabulary` VALUES (250,'la ceinture',3,114,'2017-11-04 12:19:25','2017-11-04 12:19:25');
INSERT INTO `vocabulary` VALUES (251,'die Gürtel',2,114,'2017-11-04 12:19:38','2017-11-04 12:19:38');
INSERT INTO `vocabulary` VALUES (252,'le journal',3,115,'2017-11-04 12:29:40','2017-11-04 12:29:40');
INSERT INTO `vocabulary` VALUES (253,'die Zeitung',2,115,'2017-11-04 12:30:06','2017-11-04 12:30:06');
INSERT INTO `vocabulary` VALUES (254,'le parapluie',3,116,'2017-11-04 12:38:04','2017-11-04 12:38:04');
INSERT INTO `vocabulary` VALUES (255,'der Regenschirm',2,116,'2017-11-04 12:38:30','2017-11-04 12:38:30');
INSERT INTO `vocabulary` VALUES (256,'le gant',3,117,'2017-11-04 12:57:39','2017-11-04 12:57:39');
INSERT INTO `vocabulary` VALUES (257,'der Handschuh',2,117,'2017-11-04 12:57:51','2017-11-04 12:57:51');
INSERT INTO `vocabulary` VALUES (258,'le lapin',3,118,'2017-11-04 13:05:16','2017-11-04 13:05:16');
INSERT INTO `vocabulary` VALUES (259,'das Kaninchen',2,118,'2017-11-04 13:06:06','2017-11-04 13:06:06');
INSERT INTO `vocabulary` VALUES (260,'le loup',3,119,'2017-11-05 00:37:14','2017-11-05 00:37:14');
INSERT INTO `vocabulary` VALUES (261,'der Wolf',2,119,'2017-11-05 00:37:34','2017-11-05 00:37:34');
INSERT INTO `vocabulary` VALUES (262,'la mer',3,120,'2017-11-05 00:41:34','2017-11-05 00:41:34');
INSERT INTO `vocabulary` VALUES (263,'das Meer',2,120,'2017-11-05 00:42:39','2017-11-05 00:42:39');
INSERT INTO `vocabulary` VALUES (264,'der Honig',2,121,'2017-11-05 01:01:40','2017-11-05 01:01:40');
INSERT INTO `vocabulary` VALUES (265,'le miel',3,121,'2017-11-05 01:02:04','2017-11-05 01:02:04');
INSERT INTO `vocabulary` VALUES (266,'le sucre',3,122,'2017-11-10 16:31:05','2017-11-10 16:31:05');
INSERT INTO `vocabulary` VALUES (267,'der Zucker',2,122,'2017-11-10 16:31:18','2017-11-10 16:31:18');
INSERT INTO `vocabulary` VALUES (268,'le sous-marin',3,123,'2017-11-10 16:43:23','2017-11-10 16:43:23');
INSERT INTO `vocabulary` VALUES (269,'das Unterseeboot',2,123,'2017-11-10 16:43:40','2017-11-10 16:43:40');
INSERT INTO `vocabulary` VALUES (270,'le citron',3,124,'2017-11-10 16:50:46','2017-11-10 16:50:46');
INSERT INTO `vocabulary` VALUES (271,'die Zitrone',2,124,'2017-11-10 16:50:58','2017-11-10 16:50:58');
INSERT INTO `vocabulary` VALUES (272,'la chèvre',3,125,'2017-11-10 17:02:36','2017-11-10 17:02:36');
INSERT INTO `vocabulary` VALUES (273,'die Ziege',2,125,'2017-11-10 17:02:55','2017-11-10 17:02:55');
INSERT INTO `vocabulary` VALUES (274,'le chapeau',3,126,'2017-11-10 17:06:35','2017-11-10 17:06:35');
INSERT INTO `vocabulary` VALUES (275,'der Hut',2,126,'2017-11-10 17:06:48','2017-11-10 17:06:48');
INSERT INTO `vocabulary` VALUES (276,'île (f)',3,127,'2017-11-10 17:23:03','2017-11-10 17:23:03');
INSERT INTO `vocabulary` VALUES (277,'die Insel',2,127,'2017-11-10 17:23:16','2017-11-10 17:23:16');
INSERT INTO `vocabulary` VALUES (278,'le sel',3,128,'2017-11-10 17:29:20','2017-11-10 17:29:20');
INSERT INTO `vocabulary` VALUES (279,'das Salz',2,128,'2017-11-10 17:29:33','2017-11-10 17:29:33');
INSERT INTO `vocabulary` VALUES (280,'le chargeur',3,129,'2017-11-10 17:39:08','2017-11-10 17:39:08');
INSERT INTO `vocabulary` VALUES (281,'das Ladegerät',2,129,'2017-11-10 17:39:19','2017-11-10 17:39:19');
INSERT INTO `vocabulary` VALUES (282,'éponge (f)',3,130,'2017-11-10 18:30:15','2017-11-10 18:30:15');
INSERT INTO `vocabulary` VALUES (283,'der Schwamm',2,130,'2017-11-10 18:30:34','2017-11-10 18:30:34');
INSERT INTO `vocabulary` VALUES (284,'le doigt',3,131,'2017-11-10 18:55:23','2017-11-10 18:55:23');
INSERT INTO `vocabulary` VALUES (285,'die Finger',2,131,'2017-11-10 18:55:36','2017-11-10 18:55:36');
INSERT INTO `vocabulary` VALUES (286,'der Stiefel',2,132,'2017-11-29 06:52:21','2017-11-29 06:52:21');
INSERT INTO `vocabulary` VALUES (287,'la botte',3,132,'2017-11-29 06:52:40','2017-11-29 06:52:40');
INSERT INTO `vocabulary` VALUES (288,'le mur',3,133,'2017-11-29 07:15:51','2017-11-29 07:15:51');
INSERT INTO `vocabulary` VALUES (289,'die Wand',2,133,'2017-11-29 07:16:11','2017-11-29 07:16:11');
INSERT INTO `vocabulary` VALUES (290,'le bateau',3,134,'2017-11-29 07:27:51','2017-11-29 07:27:51');
INSERT INTO `vocabulary` VALUES (291,'das Boot',2,134,'2017-11-29 07:30:26','2017-11-29 07:30:26');
INSERT INTO `vocabulary` VALUES (292,'le papillon',3,135,'2017-11-29 08:32:52','2017-11-29 08:32:52');
INSERT INTO `vocabulary` VALUES (293,'der Schmetterling',2,135,'2017-11-29 08:33:09','2017-11-29 08:33:09');
INSERT INTO `vocabulary` VALUES (294,'le requin',3,136,'2017-11-29 08:42:11','2017-11-29 08:42:11');
INSERT INTO `vocabulary` VALUES (295,'der Haifisch',2,136,'2017-11-29 08:42:30','2017-11-29 08:42:30');
INSERT INTO `vocabulary` VALUES (296,'la vague',3,137,'2017-11-29 22:20:28','2017-11-29 22:20:28');
INSERT INTO `vocabulary` VALUES (297,'die Welle',2,137,'2017-11-29 22:20:42','2017-11-29 22:20:42');
INSERT INTO `vocabulary` VALUES (298,'der Weg',2,138,'2017-11-29 22:29:18','2017-11-29 22:29:18');
INSERT INTO `vocabulary` VALUES (299,'le chemin',3,138,'2017-11-29 22:31:04','2017-11-29 22:31:04');
INSERT INTO `vocabulary` VALUES (300,'la terre',3,139,'2017-12-02 10:58:53','2017-12-02 10:58:53');
INSERT INTO `vocabulary` VALUES (301,'die Erde',2,139,'2017-12-02 10:59:23','2017-12-02 10:59:23');
INSERT INTO `vocabulary` VALUES (302,'der Ausgang',2,140,'2017-12-02 11:19:31','2017-12-02 11:19:31');
INSERT INTO `vocabulary` VALUES (303,'la sortie',3,140,'2017-12-02 11:21:29','2017-12-02 11:21:29');
INSERT INTO `vocabulary` VALUES (304,'la baignoire',3,141,'2017-12-02 11:28:59','2017-12-02 11:28:59');
INSERT INTO `vocabulary` VALUES (305,'das Bad',2,141,'2017-12-02 11:29:10','2017-12-02 11:29:10');
INSERT INTO `vocabulary` VALUES (306,'la barbe',3,142,'2017-12-02 11:35:07','2017-12-02 11:35:07');
INSERT INTO `vocabulary` VALUES (307,'la brosse',3,143,'2017-12-02 11:52:42','2017-12-02 11:52:42');
INSERT INTO `vocabulary` VALUES (308,'die Bürste',2,143,'2017-12-02 11:53:18','2017-12-02 11:53:18');
INSERT INTO `vocabulary` VALUES (309,'die Eule',2,144,'2017-12-02 12:07:53','2017-12-02 12:07:53');
INSERT INTO `vocabulary` VALUES (310,'la chouette',3,144,'2017-12-02 12:08:26','2017-12-02 12:08:26');
INSERT INTO `vocabulary` VALUES (311,'le hibou',3,144,'2017-12-02 12:09:09','2017-12-02 12:09:09');
INSERT INTO `vocabulary` VALUES (312,'argent (m)',3,145,'2017-12-02 12:16:19','2017-12-02 12:16:19');
INSERT INTO `vocabulary` VALUES (313,'das Geld',2,145,'2017-12-02 12:16:35','2017-12-02 12:16:35');
INSERT INTO `vocabulary` VALUES (314,'le cou',3,146,'2017-12-02 12:23:04','2017-12-02 12:23:04');
INSERT INTO `vocabulary` VALUES (315,'der Hals',2,146,'2017-12-02 12:23:15','2017-12-02 12:23:15');
INSERT INTO `vocabulary` VALUES (316,'der Schal',2,147,'2017-12-02 12:29:18','2017-12-02 12:29:18');
INSERT INTO `vocabulary` VALUES (317,'écharpe (f)',3,147,'2017-12-02 12:30:01','2017-12-02 12:30:01');
INSERT INTO `vocabulary` VALUES (318,'der Bart',2,142,'2017-12-02 12:30:32','2017-12-02 12:30:32');
INSERT INTO `vocabulary` VALUES (319,'la grotte',3,148,'2017-12-02 12:35:34','2017-12-02 12:35:34');
INSERT INTO `vocabulary` VALUES (320,'die Höhle',2,148,'2017-12-02 12:35:45','2017-12-02 12:35:45');
INSERT INTO `vocabulary` VALUES (321,'église (f)',3,149,'2017-12-02 12:44:15','2017-12-02 12:44:15');
INSERT INTO `vocabulary` VALUES (322,'die Kirche',2,149,'2017-12-02 12:44:28','2017-12-02 12:44:28');
INSERT INTO `vocabulary` VALUES (323,'der Vogel',2,150,'2017-12-05 17:42:43','2017-12-05 17:42:43');
INSERT INTO `vocabulary` VALUES (324,'oiseau (m)',3,150,'2017-12-05 17:42:56','2017-12-05 17:42:56');
INSERT INTO `vocabulary` VALUES (325,'der Wald',2,151,'2017-12-05 18:25:39','2017-12-05 18:25:39');
INSERT INTO `vocabulary` VALUES (326,'la forêt',3,151,'2017-12-05 18:25:56','2017-12-05 18:25:56');
INSERT INTO `vocabulary` VALUES (327,'der Vorhang',2,152,'2017-12-05 18:31:44','2017-12-05 18:31:44');
INSERT INTO `vocabulary` VALUES (328,'le rideau',3,152,'2017-12-05 18:31:59','2017-12-05 18:31:59');
INSERT INTO `vocabulary` VALUES (329,'der Turm',2,153,'2017-12-05 18:40:09','2017-12-05 18:40:09');
INSERT INTO `vocabulary` VALUES (330,'la tour',3,153,'2017-12-05 18:40:22','2017-12-05 18:40:22');
INSERT INTO `vocabulary` VALUES (331,'étoile (f)',3,154,'2017-12-05 20:09:00','2017-12-05 20:09:00');
INSERT INTO `vocabulary` VALUES (332,'der Stern',2,154,'2017-12-05 20:09:17','2017-12-05 20:09:17');
INSERT INTO `vocabulary` VALUES (333,'die Seife',2,155,'2017-12-05 20:31:08','2017-12-05 20:31:08');
INSERT INTO `vocabulary` VALUES (334,'le savon',3,155,'2017-12-05 20:31:22','2017-12-05 20:31:22');
INSERT INTO `vocabulary` VALUES (335,'das Spiegel',2,156,'2017-12-05 20:35:02','2017-12-05 20:35:02');
INSERT INTO `vocabulary` VALUES (336,'le miroir',3,156,'2017-12-05 20:35:16','2017-12-05 20:35:16');
INSERT INTO `vocabulary` VALUES (337,'la pierre',3,157,'2017-12-05 20:48:11','2017-12-05 20:48:11');
INSERT INTO `vocabulary` VALUES (338,'der Stein',2,157,'2017-12-05 20:48:25','2017-12-05 20:48:25');
INSERT INTO `vocabulary` VALUES (339,'la tortue',3,158,'2017-12-14 13:47:58','2017-12-14 13:47:58');
INSERT INTO `vocabulary` VALUES (340,'die Schildkröte',2,158,'2017-12-14 13:48:17','2017-12-14 13:48:17');
INSERT INTO `vocabulary` VALUES (341,'le porte-monnaie',3,159,'2017-12-14 13:58:51','2017-12-14 13:58:51');
INSERT INTO `vocabulary` VALUES (342,'die Wallet',2,159,'2017-12-14 13:59:08','2017-12-14 13:59:08');
INSERT INTO `vocabulary` VALUES (343,'le portefeuille',3,159,'2017-12-14 13:59:27','2017-12-14 13:59:27');
INSERT INTO `vocabulary` VALUES (344,'die Brieftasche',2,159,'2017-12-14 13:59:40','2017-12-14 13:59:40');
INSERT INTO `vocabulary` VALUES (345,'das Handtuch',2,160,'2017-12-14 14:06:16','2017-12-14 14:06:16');
INSERT INTO `vocabulary` VALUES (346,'la serviette',3,160,'2017-12-14 14:06:54','2017-12-14 14:06:54');
INSERT INTO `vocabulary` VALUES (347,'la tasse',3,161,'2017-12-14 14:11:56','2017-12-14 14:11:56');
INSERT INTO `vocabulary` VALUES (348,'die Tasse',2,161,'2017-12-14 14:12:24','2017-12-14 14:12:24');
INSERT INTO `vocabulary` VALUES (349,'la brosse à dents',3,162,'2017-12-14 14:21:15','2017-12-14 14:21:15');
INSERT INTO `vocabulary` VALUES (350,'die Zahnbürste',2,162,'2017-12-14 14:21:30','2017-12-14 14:21:30');
INSERT INTO `vocabulary` VALUES (351,'der Fuß',2,163,'2017-12-14 14:27:01','2017-12-14 14:27:01');
INSERT INTO `vocabulary` VALUES (352,'le pied',3,163,'2017-12-14 14:27:47','2017-12-14 14:27:47');
INSERT INTO `vocabulary` VALUES (353,'die Hose',2,164,'2017-12-16 20:23:19','2017-12-16 20:23:19');
INSERT INTO `vocabulary` VALUES (354,'le pantalon',3,164,'2017-12-16 20:24:00','2017-12-16 20:24:00');
INSERT INTO `vocabulary` VALUES (355,'la rivière',3,90,'2017-12-16 20:32:37','2017-12-16 20:32:37');
INSERT INTO `vocabulary` VALUES (356,'le plat',3,165,'2017-12-17 09:52:46','2017-12-17 09:52:46');
INSERT INTO `vocabulary` VALUES (357,'die Schüssel',2,165,'2017-12-17 09:52:59','2017-12-17 09:52:59');
INSERT INTO `vocabulary` VALUES (358,'die Haar',2,166,'2017-12-17 09:59:31','2017-12-17 10:00:31');
INSERT INTO `vocabulary` VALUES (359,'le cheveu',3,166,'2017-12-17 09:59:53','2017-12-17 09:59:53');
INSERT INTO `vocabulary` VALUES (360,'le cuisinier',3,167,'2017-12-17 10:36:38','2017-12-17 10:36:38');
INSERT INTO `vocabulary` VALUES (361,'le chef',3,167,'2017-12-17 10:36:52','2017-12-17 10:36:52');
INSERT INTO `vocabulary` VALUES (362,'der Koch',2,167,'2017-12-17 10:37:12','2017-12-17 10:37:12');
INSERT INTO `vocabulary` VALUES (363,'der Arzt',2,168,'2017-12-17 10:55:00','2017-12-17 10:55:00');
INSERT INTO `vocabulary` VALUES (364,'le médecin',3,168,'2017-12-17 10:55:37','2017-12-17 10:55:37');
INSERT INTO `vocabulary` VALUES (365,'der Rasierer',2,169,'2017-12-17 11:04:43','2017-12-17 11:04:43');
INSERT INTO `vocabulary` VALUES (366,'le rasoir',3,169,'2017-12-17 11:04:57','2017-12-17 11:04:57');
INSERT INTO `vocabulary` VALUES (367,'le os',3,170,'2017-12-17 11:12:18','2017-12-17 11:12:18');
INSERT INTO `vocabulary` VALUES (368,'der Knochen',2,170,'2017-12-17 11:12:33','2017-12-17 11:12:33');
INSERT INTO `vocabulary` VALUES (369,'la casquette',3,171,'2017-12-17 11:22:46','2017-12-17 11:22:46');
INSERT INTO `vocabulary` VALUES (370,'die Kappe',2,171,'2017-12-17 11:23:06','2017-12-17 11:23:06');
INSERT INTO `vocabulary` VALUES (371,'le sable',3,172,'2017-12-17 11:29:24','2017-12-17 11:29:24');
INSERT INTO `vocabulary` VALUES (372,'der Sand',2,172,'2017-12-17 11:29:35','2017-12-17 11:29:35');
INSERT INTO `vocabulary` VALUES (373,'die Marmelade',2,173,'2017-12-17 11:36:49','2017-12-17 11:36:49');
INSERT INTO `vocabulary` VALUES (374,'la confiture',3,173,'2017-12-17 11:37:02','2017-12-17 11:37:02');
INSERT INTO `vocabulary` VALUES (375,'la fraise',3,174,'2017-12-17 11:43:44','2017-12-17 11:43:44');
INSERT INTO `vocabulary` VALUES (376,'die Erdbeere',2,174,'2017-12-17 11:43:56','2017-12-17 11:43:56');
INSERT INTO `vocabulary` VALUES (377,'die Aprikose',2,175,'2017-12-17 11:48:08','2017-12-17 11:48:08');
INSERT INTO `vocabulary` VALUES (378,'le abricot',3,175,'2017-12-17 11:48:40','2017-12-17 11:48:40');
INSERT INTO `vocabulary` VALUES (379,'la pêche',3,176,'2017-12-17 11:52:51','2017-12-17 11:52:51');
INSERT INTO `vocabulary` VALUES (380,'der Pfirsich',2,176,'2017-12-17 11:53:03','2017-12-17 11:53:03');
INSERT INTO `vocabulary` VALUES (381,'die Nudeln',2,177,'2017-12-17 12:09:18','2017-12-17 12:09:18');
INSERT INTO `vocabulary` VALUES (382,'les pâtes',3,177,'2017-12-17 12:10:08','2017-12-17 12:10:08');
INSERT INTO `vocabulary` VALUES (383,'der Schrank',2,178,'2017-12-18 06:04:00','2017-12-18 06:04:00');
INSERT INTO `vocabulary` VALUES (384,'armoire (f)',3,178,'2017-12-18 06:04:21','2017-12-18 06:04:21');
